[{"type":"content","value":{"content":[{"key":"content","value":"<h2 style=\"margin-bottom: 16px;\"><strong>Create a Wedding Caricature That Tells Your Love Story<\/strong><\/h2><p style=\"margin-bottom: 16px;\">Your wedding is one of the most unforgettable days of your life\u2014so why not preserve it in a fun and creative way? With our Wedding Caricature Maker Online Free, you can transform your favorite wedding photo into a personalized caricature that brings joy, humor, and heart to your special memory.<\/p><h3 style=\"margin-bottom: 16px;\">A Unique Take on Wedding Memories<\/h3><p style=\"margin-bottom: 16px;\">While photo albums and framed prints are beautiful, adding a custom caricature to your collection gives your love story a creative twist. Whether it\u2019s your first dance, walking down the aisle, or just a sweet candid moment, our couple caricature maker turns any wedding photo into a delightful piece of cartoon-style art. It\u2019s a great way to capture the fun and personality of your relationship\u2014something traditional photos often miss.<\/p><h3 style=\"margin-bottom: 16px;\">Perfect for Gifts, D\u00e9cor, and More<\/h3><p>A wedding caricature isn\u2019t just a fun keepsake\u2014it can also be the perfect gift. Surprise your spouse, parents, or wedding party with a custom caricature created from a meaningful photo. These artworks make great anniversary presents, thank-you cards, or even custom prints for your home d\u00e9cor. Couples also use caricatures in creative ways, such as wedding invitations, save-the-date cards, or even guestbook illustrations.<\/p><p style=\"margin-bottom: 16px;\">The possibilities are endless\u2014and the result is always personal, charming, and totally unique.<\/p><h3 style=\"margin-bottom: 16px;\">Easy to Use \u2013 No Design Skills Needed<\/h3><p>Our Wedding Caricature Maker Online Free is designed to be simple and accessible for everyone. You don\u2019t need to hire an artist or learn any complicated design tools. Just upload your favorite wedding photo, choose your preferred style or theme, and let our platform take care of the rest.<\/p><p style=\"margin-bottom: 16px;\">Within minutes, you\u2019ll have a professional-quality caricature that looks like it was custom drawn\u2014without spending a fortune or waiting days for results.<\/p><h3 style=\"margin-bottom: 16px;\">Why Choose Our Couple Caricature Maker?<\/h3><ul><li>Free to Use: You can start creating without any upfront cost.<\/li><li>Fast &amp; Easy: Upload a photo, choose a style, and you're done.<\/li><li>High-Quality Output: Get vibrant, print-ready files.<\/li><li style=\"margin-bottom: 16px;\">Perfect for All Occasions: From weddings and anniversaries to Valentine\u2019s Day or birthdays.<\/li><\/ul><p style=\"margin-bottom: 16px;\">Our couple caricature maker is built with both fun and quality in mind. Whether you want something cute and romantic or quirky and cartoonish, we offer different styles to match your taste and the tone of your relationship.<\/p><h3 style=\"margin-bottom: 16px;\">Start Creating Your Caricature Today<\/h3><p>It only takes a few minutes to turn your favorite wedding photo into a fun memory that lasts a lifetime. Our Wedding Caricature Maker Online Free is ready to help you design a one-of-a-kind piece of art that celebrates your love in a way that\u2019s light-hearted, beautiful, and totally you.<\/p>"}]}}]