{"title":"FAQs About wedding caricature","faqs":[{"question":"What is a wedding caricature?","answer":"<p>A wedding caricature is a fun and exaggerated cartoon-style illustration of a couple, often created using a real wedding photo. It\u2019s a creative way to capture the joy and personality of your special day.<\/p>"},{"question":"How can I make a wedding caricature online for free?","answer":"<p>You can use our Wedding Caricature Maker Online Free by simply uploading your wedding photo, selecting a style, and generating your custom caricature in minutes - no payment or design skills required.<\/p>"}]}